key,country,year,value
gdp_growth,CHN,1961,-27.2700000038883
gdp_growth,CHN,1962,-5.57999999019671
gdp_growth,CHN,1963,10.2999999963989
gdp_growth,CHN,1964,18.1799999938203
gdp_growth,CHN,1965,16.9500000038699
gdp_growth,CHN,1966,10.6499999984174
gdp_growth,CHN,1967,-5.77000000405148
gdp_growth,CHN,1968,-4.09999998647768
gdp_growth,CHN,1969,16.9399999960609
gdp_growth,CHN,1970,19.2999999967022
gdp_growth,CHN,1971,7.05999999853672
gdp_growth,CHN,1972,3.81000000021984
gdp_growth,CHN,1973,7.76000000084325
gdp_growth,CHN,1974,2.31000000294736
gdp_growth,CHN,1975,8.71999999747992
gdp_growth,CHN,1976,-1.57000000165326
gdp_growth,CHN,1977,7.57000000138403
gdp_growth,CHN,1978,11.3269542129809
gdp_growth,CHN,1979,7.59480175999998
gdp_growth,CHN,1980,7.84141706847441
gdp_growth,CHN,1981,5.11486309071954
gdp_growth,CHN,1982,9.02434347373044
gdp_growth,CHN,1983,10.7718383060041
gdp_growth,CHN,1984,15.1921349118079
gdp_growth,CHN,1985,13.4284820016509
gdp_growth,CHN,1986,8.9437463904392
gdp_growth,CHN,1987,11.6552658383921
gdp_growth,CHN,1988,11.2209115803492
gdp_growth,CHN,1989,4.20785693658392
gdp_growth,CHN,1990,3.9225195692421
gdp_growth,CHN,1991,9.37563237902144
gdp_growth,CHN,1992,14.2976226152779
gdp_growth,CHN,1993,13.9261028311995
gdp_growth,CHN,1994,13.0827122987906
gdp_growth,CHN,1995,11.0154136659719
gdp_growth,CHN,1996,9.97328781228394
gdp_growth,CHN,1997,9.29759460595947
gdp_growth,CHN,1998,7.92354535108497
gdp_growth,CHN,1999,7.74123827728161
gdp_growth,CHN,2000,8.57357328926101
gdp_growth,CHN,2001,8.32404695347056
gdp_growth,CHN,2002,9.23604870383861
gdp_growth,CHN,2003,10.1138119025242
gdp_growth,CHN,2004,10.1404291872206
gdp_growth,CHN,2005,11.4535130030645
gdp_growth,CHN,2006,12.6752842281595
gdp_growth,CHN,2007,14.1507710506103
gdp_growth,CHN,2008,9.66877608164454
gdp_growth,CHN,2009,9.40610014336416
gdp_growth,CHN,2010,10.5916903885704
gdp_growth,CHN,2011,9.46205248298186
gdp_growth,CHN,2012,7.8578201481217
gdp_growth,CHN,2013,7.77842954757257
gdp_growth,CHN,2014,7.46100735778161
gdp_growth,CHN,2015,6.98162255562367
gdp_growth,CHN,2016,6.7736886867727
gdp_growth,CHN,2017,6.89123916636191
gdp_growth,CHN,2018,6.757806142324
gdp_growth,CHN,2019,6.06737806333672
gdp_growth,CHN,2020,2.33950385203023
gdp_growth,CHN,2021,8.57038414981781
gdp_growth,CHN,2022,3.13385438394069
gdp_growth,CHN,2023,5.41600334492955
gdp_growth,CHN,2024,4.95830378788091
gdp_growth,CHN,2025,4.95994886240992
gdp_growth,JPN,1961,12.043536357022
gdp_growth,JPN,1962,8.90897303614973
gdp_growth,JPN,1963,8.47364243635415
gdp_growth,JPN,1964,11.676708250654
gdp_growth,JPN,1965,5.81970783966972
gdp_growth,JPN,1966,10.6385615902031
gdp_growth,JPN,1967,11.0821423327248
gdp_growth,JPN,1968,12.8824681707163
gdp_growth,JPN,1969,12.4778945420024
gdp_growth,JPN,1970,0.399050611065093
gdp_growth,JPN,1971,4.69899204214205
gdp_growth,JPN,1972,8.41354725497627
gdp_growth,JPN,1973,8.03259997458245
gdp_growth,JPN,1974,-1.22523982750916
gdp_growth,JPN,1975,3.09157591623077
gdp_growth,JPN,1976,3.97498409113672
gdp_growth,JPN,1977,4.39033795009327
gdp_growth,JPN,1978,5.27194150317187
gdp_growth,JPN,1979,5.4840418324284
gdp_growth,JPN,1980,2.81759120738283
gdp_growth,JPN,1981,4.20933646523171
gdp_growth,JPN,1982,3.31245673740017
gdp_growth,JPN,1983,3.52304498510377
gdp_growth,JPN,1984,4.50199481622435
gdp_growth,JPN,1985,5.23338094687848
gdp_growth,JPN,1986,3.32652561623384
gdp_growth,JPN,1987,4.73066586040017
gdp_growth,JPN,1988,6.78502010955764
gdp_growth,JPN,1989,4.85803768615389
gdp_growth,JPN,1990,4.89271306574565
gdp_growth,JPN,1991,3.41749676183089
gdp_growth,JPN,1992,0.848069581218368
gdp_growth,JPN,1993,-0.517919847117952
gdp_growth,JPN,1994,0.99306636322622
gdp_growth,JPN,1995,2.34205546196849
gdp_growth,JPN,1996,3.07546731409349
gdp_growth,JPN,1997,1.36297109407448
gdp_growth,JPN,1998,-1.77264091037956
gdp_growth,JPN,1999,-0.347600398675738
gdp_growth,JPN,2000,2.97832688768516
gdp_growth,JPN,2001,0.284608556379041
gdp_growth,JPN,2002,0.0849888050363319
gdp_growth,JPN,2003,1.38010935830795
gdp_growth,JPN,2004,2.11294823723127
gdp_growth,JPN,2005,1.8482813374834
gdp_growth,JPN,2006,1.54630843078741
gdp_growth,JPN,2007,1.72837912865577
gdp_growth,JPN,2008,-1.16662209355141
gdp_growth,JPN,2009,-5.9359411383964
gdp_growth,JPN,2010,4.13645589222239
gdp_growth,JPN,2011,-0.20035785332982
gdp_growth,JPN,2012,1.64893452981225
gdp_growth,JPN,2013,1.99727653399265
gdp_growth,JPN,2014,0.905915486065865
gdp_growth,JPN,2015,1.79997735783475
gdp_growth,JPN,2016,0.704986495111257
gdp_growth,JPN,2017,1.62345062245441
gdp_growth,JPN,2018,0.834143845965585
gdp_growth,JPN,2019,-0.308496921143259
gdp_growth,JPN,2020,-4.28327942675573
gdp_growth,JPN,2021,3.56419531474475
gdp_growth,JPN,2022,1.33164750653741
gdp_growth,JPN,2023,0.720785304749811
gdp_growth,JPN,2024,-0.240084236041696
gdp_growth,JPN,2025,1.19311288444599
workingage_share,CHN,1960,55.7001867504027
workingage_share,CHN,1961,56.1639992867903
workingage_share,CHN,1962,56.2156469787463
workingage_share,CHN,1963,55.6499849944704
workingage_share,CHN,1964,55.1107011451
workingage_share,CHN,1965,54.8966382515764
workingage_share,CHN,1966,54.8549915893098
workingage_share,CHN,1967,55.0821243529982
workingage_share,CHN,1968,55.2999523632204
workingage_share,CHN,1969,55.3622561768905
workingage_share,CHN,1970,55.4990792417788
workingage_share,CHN,1971,55.6064932951812
workingage_share,CHN,1972,55.8283546461459
workingage_share,CHN,1973,56.032293132207
workingage_share,CHN,1974,55.9559697232451
workingage_share,CHN,1975,55.8032595195534
workingage_share,CHN,1976,55.6974399578865
workingage_share,CHN,1977,56.0910950752638
workingage_share,CHN,1978,57.2553026214266
workingage_share,CHN,1979,58.4878751053275
workingage_share,CHN,1980,59.5078014703744
workingage_share,CHN,1981,60.4380661313917
workingage_share,CHN,1982,61.1638835217888
workingage_share,CHN,1983,62.0070416138046
workingage_share,CHN,1984,63.0151365727637
workingage_share,CHN,1985,63.9107997127674
workingage_share,CHN,1986,64.6425548251578
workingage_share,CHN,1987,65.1501730889257
workingage_share,CHN,1988,65.5518424678098
workingage_share,CHN,1989,65.8196987219849
workingage_share,CHN,1990,65.8569801882713
workingage_share,CHN,1991,65.8978621286935
workingage_share,CHN,1992,66.0214936364516
workingage_share,CHN,1993,66.1211561522476
workingage_share,CHN,1994,66.279873047455
workingage_share,CHN,1995,66.5129477763825
workingage_share,CHN,1996,66.8238954729028
workingage_share,CHN,1997,67.2604374804175
workingage_share,CHN,1998,67.6620557036552
workingage_share,CHN,1999,68.0124027928449
workingage_share,CHN,2000,68.43842782702
workingage_share,CHN,2001,68.9801155359775
workingage_share,CHN,2002,69.67006217559
workingage_share,CHN,2003,70.3774446816481
workingage_share,CHN,2004,71.0763188122428
workingage_share,CHN,2005,71.815903350805
workingage_share,CHN,2006,72.353957155972
workingage_share,CHN,2007,72.6173623452205
workingage_share,CHN,2008,72.7779121303034
workingage_share,CHN,2009,72.856169869084
workingage_share,CHN,2010,72.8644787380355
workingage_share,CHN,2011,72.7988185445213
workingage_share,CHN,2012,72.6134379386083
workingage_share,CHN,2013,72.3383307205597
workingage_share,CHN,2014,72.0051656801854
workingage_share,CHN,2015,71.6284345359877
workingage_share,CHN,2016,71.2044525051679
workingage_share,CHN,2017,70.6659121055216
workingage_share,CHN,2018,70.1553162360731
workingage_share,CHN,2019,69.74115264804
workingage_share,CHN,2020,69.3999249325134
workingage_share,CHN,2021,69.2124049434275
workingage_share,CHN,2022,69.0962698960779
workingage_share,CHN,2023,69.0943118083391
workingage_share,CHN,2024,69.3269188307508
workingage_share,CHN,2025,69.6812776464024
workingage_share,JPN,1960,64.4237840296967
workingage_share,JPN,1961,65.0130565101882
workingage_share,JPN,1962,66.051437825176
workingage_share,JPN,1963,67.1128306648893
workingage_share,JPN,1964,67.981764433336
workingage_share,JPN,1965,68.5837073666981
workingage_share,JPN,1966,69.1457935091073
workingage_share,JPN,1967,69.5206514626946
workingage_share,JPN,1968,69.6376857608144
workingage_share,JPN,1969,69.6797827852744
workingage_share,JPN,1970,69.6793126172591
workingage_share,JPN,1971,69.5429505565711
workingage_share,JPN,1972,69.2056258685375
workingage_share,JPN,1973,68.8315114324754
workingage_share,JPN,1974,68.5055589920637
workingage_share,JPN,1975,68.233464461494
workingage_share,JPN,1976,67.9924181414418
workingage_share,JPN,1977,67.7794138396384
workingage_share,JPN,1978,67.6059831882109
workingage_share,JPN,1979,67.4998312649979
workingage_share,JPN,1980,67.4979910231568
workingage_share,JPN,1981,67.4132716220143
workingage_share,JPN,1982,67.3987614843692
workingage_share,JPN,1983,67.5976758161857
workingage_share,JPN,1984,67.7644986110077
workingage_share,JPN,1985,67.9765027959629
workingage_share,JPN,1986,68.3235903492155
workingage_share,JPN,1987,68.7231736097774
workingage_share,JPN,1988,69.1479076440933
workingage_share,JPN,1989,69.5376485880187
workingage_share,JPN,1990,69.819769793807
workingage_share,JPN,1991,69.9613218176703
workingage_share,JPN,1992,69.9847337321088
workingage_share,JPN,1993,69.9563328113263
workingage_share,JPN,1994,69.8641023892526
workingage_share,JPN,1995,69.7026222846472
workingage_share,JPN,1996,69.4675750807091
workingage_share,JPN,1997,69.1717668350581
workingage_share,JPN,1998,68.8656637769943
workingage_share,JPN,1999,68.5498804257651
workingage_share,JPN,2000,68.1776733120971
workingage_share,JPN,2001,67.7479909107131
workingage_share,JPN,2002,67.3244500484678
workingage_share,JPN,2003,66.9575836342452
workingage_share,JPN,2004,66.5365880427247
workingage_share,JPN,2005,65.9657352913659
workingage_share,JPN,2006,65.3532182401032
workingage_share,JPN,2007,64.7793337379624
workingage_share,JPN,2008,64.214111256134
workingage_share,JPN,2009,63.7809247445693
workingage_share,JPN,2010,63.5310455900648
workingage_share,JPN,2011,63.0577639232849
workingage_share,JPN,2012,62.2912286364192
workingage_share,JPN,2013,61.4978527996995
workingage_share,JPN,2014,60.8030853939639
workingage_share,JPN,2015,60.2326202870854
workingage_share,JPN,2016,59.7647226208824
workingage_share,JPN,2017,59.4143459524436
workingage_share,JPN,2018,59.1635617451289
workingage_share,JPN,2019,59.0046702146202
workingage_share,JPN,2020,58.861072796091
workingage_share,JPN,2021,58.7347384818338
workingage_share,JPN,2022,58.7384165155584
workingage_share,JPN,2023,58.7888993029413
workingage_share,JPN,2024,58.7831280041029
workingage_share,JPN,2025,58.7675052627879
gdp_pc_ppp,CHN,1990,1666.8141224419
gdp_pc_ppp,CHN,1991,1798.38257887629
gdp_pc_ppp,CHN,1992,2030.47126519674
gdp_pc_ppp,CHN,1993,2286.7956394875
gdp_pc_ppp,CHN,1994,2556.90688386013
gdp_pc_ppp,CHN,1995,2807.88647301744
gdp_pc_ppp,CHN,1996,3055.72827655781
gdp_pc_ppp,CHN,1997,3305.83025665988
gdp_pc_ppp,CHN,1998,3533.69839702638
gdp_pc_ppp,CHN,1999,3774.42758274469
gdp_pc_ppp,CHN,2000,4065.86707804429
gdp_pc_ppp,CHN,2001,4372.43560608339
gdp_pc_ppp,CHN,2002,4744.38182475307
gdp_pc_ppp,CHN,2003,5191.78118308167
gdp_pc_ppp,CHN,2004,5684.3881718733
gdp_pc_ppp,CHN,2005,6298.29929808598
gdp_pc_ppp,CHN,2006,7057.11131595304
gdp_pc_ppp,CHN,2007,8013.78375739131
gdp_pc_ppp,CHN,2008,8743.7020031299
gdp_pc_ppp,CHN,2009,9518.68128351945
gdp_pc_ppp,CHN,2010,10476.1525652407
gdp_pc_ppp,CHN,2011,11404.9179835542
gdp_pc_ppp,CHN,2012,12217.9343813101
gdp_pc_ppp,CHN,2013,13080.8787864744
gdp_pc_ppp,CHN,2014,13968.5187785922
gdp_pc_ppp,CHN,2015,14857.1088234405
gdp_pc_ppp,CHN,2016,15772.8372607502
gdp_pc_ppp,CHN,2017,16758.0463976858
gdp_pc_ppp,CHN,2018,17807.0490552244
gdp_pc_ppp,CHN,2019,18820.5871645645
gdp_pc_ppp,CHN,2020,19215.1012491012
gdp_pc_ppp,CHN,2021,20843.2978347377
gdp_pc_ppp,CHN,2022,21499.3125559757
gdp_pc_ppp,CHN,2023,22687.2519534328
gdp_pc_ppp,CHN,2024,23841.4769141817
gdp_pc_ppp,CHN,2025,25066.5215296486
gdp_pc_ppp,JPN,1990,36137.8442587458
gdp_pc_ppp,JPN,1991,37226.3339021829
gdp_pc_ppp,JPN,1992,37402.9442395168
gdp_pc_ppp,JPN,1993,37088.8020049844
gdp_pc_ppp,JPN,1994,37352.6868581318
gdp_pc_ppp,JPN,1995,38137.9346304016
gdp_pc_ppp,JPN,1996,39221.765120663
gdp_pc_ppp,JPN,1997,39661.7312762235
gdp_pc_ppp,JPN,1998,38852.9526557943
gdp_pc_ppp,JPN,1999,38647.2705275615
gdp_pc_ppp,JPN,2000,39731.7953686304
gdp_pc_ppp,JPN,2001,39748.9837725849
gdp_pc_ppp,JPN,2002,39690.3676794625
gdp_pc_ppp,JPN,2003,40152.1282635641
gdp_pc_ppp,JPN,2004,40986.7225710497
gdp_pc_ppp,JPN,2005,41740.352036905
gdp_pc_ppp,JPN,2006,42358.9337348253
gdp_pc_ppp,JPN,2007,43041.5697058021
gdp_pc_ppp,JPN,2008,42518.8423408417
gdp_pc_ppp,JPN,2009,39999.9464203408
gdp_pc_ppp,JPN,2010,41647.0458542008
gdp_pc_ppp,JPN,2011,41640.6608721251
gdp_pc_ppp,JPN,2012,42394.9433175064
gdp_pc_ppp,JPN,2013,43304.1181931426
gdp_pc_ppp,JPN,2014,43754.438013293
gdp_pc_ppp,JPN,2015,44589.3032854003
gdp_pc_ppp,JPN,2016,44926.6202909525
gdp_pc_ppp,JPN,2017,45693.3776080987
gdp_pc_ppp,JPN,2018,46133.0225978718
gdp_pc_ppp,JPN,2019,46055.3498672487
gdp_pc_ppp,JPN,2020,44212.5503415724
gdp_pc_ppp,JPN,2021,45999.4617966896
gdp_pc_ppp,JPN,2022,46819.360613609
gdp_pc_ppp,JPN,2023,47387.2172542523
gdp_pc_ppp,JPN,2024,47479.8448545667
gdp_pc_ppp,JPN,2025,48283.3723959465
cpi_inflation,CHN,1987,7.23383553065609
cpi_inflation,CHN,1988,18.8118179448753
cpi_inflation,CHN,1989,18.2456383621648
cpi_inflation,CHN,1990,3.05229012075233
cpi_inflation,CHN,1991,3.55668565220452
cpi_inflation,CHN,1992,6.35398134024869
cpi_inflation,CHN,1993,14.6100786356602
cpi_inflation,CHN,1994,24.2569897243361
cpi_inflation,CHN,1995,16.7912268492666
cpi_inflation,CHN,1996,8.3131587270211
cpi_inflation,CHN,1997,2.78646505531882
cpi_inflation,CHN,1998,-0.773186011549318
cpi_inflation,CHN,1999,-1.40147268276465
cpi_inflation,CHN,2000,0.347811226864587
cpi_inflation,CHN,2001,0.719125609120114
cpi_inflation,CHN,2002,-0.731970902350244
cpi_inflation,CHN,2003,1.12760348729637
cpi_inflation,CHN,2004,3.82463743108159
cpi_inflation,CHN,2005,1.77641407667571
cpi_inflation,CHN,2006,1.6494309945586
cpi_inflation,CHN,2007,4.81676767378834
cpi_inflation,CHN,2008,5.92525137041092
cpi_inflation,CHN,2009,-0.728165250932898
cpi_inflation,CHN,2010,3.17532475269199
cpi_inflation,CHN,2011,5.55389892257493
cpi_inflation,CHN,2012,2.61952432645541
cpi_inflation,CHN,2013,2.62105001748115
cpi_inflation,CHN,2014,1.92164162788521
cpi_inflation,CHN,2015,1.43702380935655
cpi_inflation,CHN,2016,2.00000182191943
cpi_inflation,CHN,2017,1.59313600071436
cpi_inflation,CHN,2018,2.07479039965576
cpi_inflation,CHN,2019,2.89923416358227
cpi_inflation,CHN,2020,2.41942189457782
cpi_inflation,CHN,2021,0.981015135544882
cpi_inflation,CHN,2022,1.97357555739051
cpi_inflation,CHN,2023,0.234836828893051
cpi_inflation,CHN,2024,0.218128938439177
cpi_inflation,CHN,2025,0.0595646916565403
cpi_inflation,JPN,1960,3.5745115253591
cpi_inflation,JPN,1961,5.36846178480055
cpi_inflation,JPN,1962,6.8354403481973
cpi_inflation,JPN,1963,6.7069055639799
cpi_inflation,JPN,1964,3.80038945305753
cpi_inflation,JPN,1965,6.65599094260621
cpi_inflation,JPN,1966,5.04083205887676
cpi_inflation,JPN,1967,3.98984808881518
cpi_inflation,JPN,1968,5.33943295739344
cpi_inflation,JPN,1969,5.24982091102027
cpi_inflation,JPN,1970,6.92417383485781
cpi_inflation,JPN,1971,6.39534883720926
cpi_inflation,JPN,1972,4.84351713859905
cpi_inflation,JPN,1973,11.6086235489221
cpi_inflation,JPN,1974,23.2222458076842
cpi_inflation,JPN,1975,11.7312661498708
cpi_inflation,JPN,1976,9.37403638606234
cpi_inflation,JPN,1977,8.16182689596842
cpi_inflation,JPN,1978,4.20956601068681
cpi_inflation,JPN,1979,3.70185092546269
cpi_inflation,JPN,1980,7.77858176555718
cpi_inflation,JPN,1981,4.91216291820523
cpi_inflation,JPN,1982,2.7410409556314
cpi_inflation,JPN,1983,1.89971971348485
cpi_inflation,JPN,1984,2.26161369193155
cpi_inflation,JPN,1985,2.0322773460849
cpi_inflation,JPN,1986,0.595586799453249
cpi_inflation,JPN,1987,0.126176841696583
cpi_inflation,JPN,1988,0.678557580457558
cpi_inflation,JPN,1989,2.27228962064317
cpi_inflation,JPN,1990,3.0785162869516
cpi_inflation,JPN,1991,3.25143848753308
cpi_inflation,JPN,1992,1.7602830605927
cpi_inflation,JPN,1993,1.24304589707924
cpi_inflation,JPN,1994,0.695458057869004
cpi_inflation,JPN,1995,-0.127899045020446
cpi_inflation,JPN,1996,0.136600358575909
cpi_inflation,JPN,1997,1.74780458692133
cpi_inflation,JPN,1998,0.661974191385911
cpi_inflation,JPN,1999,-0.341296928327554
cpi_inflation,JPN,2000,-0.676578683595175
cpi_inflation,JPN,2001,-0.740055504162738
cpi_inflation,JPN,2002,-0.923494026942321
cpi_inflation,JPN,2003,-0.256541816316025
cpi_inflation,JPN,2004,-0.00857338820310272
cpi_inflation,JPN,2005,-0.282946068764391
cpi_inflation,JPN,2006,0.249355116079085
cpi_inflation,JPN,2007,0.060039454498669
cpi_inflation,JPN,2008,1.3800788616492
cpi_inflation,JPN,2009,-1.35283672951719
cpi_inflation,JPN,2010,-0.728243207517779
cpi_inflation,JPN,2011,-0.27245561610124
cpi_inflation,JPN,2012,-0.0440645104432602
cpi_inflation,JPN,2013,0.335037912184741
cpi_inflation,JPN,2014,2.75922671353253
cpi_inflation,JPN,2015,0.795279630579839
cpi_inflation,JPN,2016,-0.127258844489754
cpi_inflation,JPN,2017,0.484199796126385
cpi_inflation,JPN,2018,0.989094598021848
cpi_inflation,JPN,2019,0.46877615938395
cpi_inflation,JPN,2020,-0.024995834027731
cpi_inflation,JPN,2021,-0.233352779398264
cpi_inflation,JPN,2022,2.49770278172255
cpi_inflation,JPN,2023,3.26813365933163
cpi_inflation,JPN,2024,2.73853681635241
cpi_inflation,JPN,2025,3.17253034260248
gov_debt_gdp,CHN,1995,21.4
gov_debt_gdp,CHN,1996,21.2
gov_debt_gdp,CHN,1997,20.4
gov_debt_gdp,CHN,1998,20.4
gov_debt_gdp,CHN,1999,21.6
gov_debt_gdp,CHN,2000,22.7
gov_debt_gdp,CHN,2001,24.3
gov_debt_gdp,CHN,2002,25.6
gov_debt_gdp,CHN,2003,26.4
gov_debt_gdp,CHN,2004,26.0
gov_debt_gdp,CHN,2005,25.9
gov_debt_gdp,CHN,2006,25.2
gov_debt_gdp,CHN,2007,28.7
gov_debt_gdp,CHN,2008,26.7
gov_debt_gdp,CHN,2009,34.0
gov_debt_gdp,CHN,2010,33.3
gov_debt_gdp,CHN,2011,33.2
gov_debt_gdp,CHN,2012,33.8
gov_debt_gdp,CHN,2013,36.4
gov_debt_gdp,CHN,2014,39.3
gov_debt_gdp,CHN,2015,40.8
gov_debt_gdp,CHN,2016,50.0
gov_debt_gdp,CHN,2017,53.9
gov_debt_gdp,CHN,2018,55.9
gov_debt_gdp,CHN,2019,59.8
gov_debt_gdp,CHN,2020,70.1
gov_debt_gdp,CHN,2021,72.1
gov_debt_gdp,CHN,2022,77.3
gov_debt_gdp,CHN,2023,84.1
gov_debt_gdp,CHN,2024,90.4
gov_debt_gdp,CHN,2025,99.2
gov_debt_gdp,JPN,1980,41.4
gov_debt_gdp,JPN,1981,45.8
gov_debt_gdp,JPN,1982,50.1
gov_debt_gdp,JPN,1983,55.1
gov_debt_gdp,JPN,1984,56.9
gov_debt_gdp,JPN,1985,59.2
gov_debt_gdp,JPN,1986,64.2
gov_debt_gdp,JPN,1987,65.7
gov_debt_gdp,JPN,1988,62.4
gov_debt_gdp,JPN,1989,56.9
gov_debt_gdp,JPN,1990,54.8
gov_debt_gdp,JPN,1991,54.1
gov_debt_gdp,JPN,1992,57.9
gov_debt_gdp,JPN,1993,63.2
gov_debt_gdp,JPN,1994,73.3
gov_debt_gdp,JPN,1995,80.7
gov_debt_gdp,JPN,1996,85.3
gov_debt_gdp,JPN,1997,91.3
gov_debt_gdp,JPN,1998,101.6
gov_debt_gdp,JPN,1999,113.5
gov_debt_gdp,JPN,2000,118.5
gov_debt_gdp,JPN,2001,126.8
gov_debt_gdp,JPN,2002,134.6
gov_debt_gdp,JPN,2003,140.2
gov_debt_gdp,JPN,2004,148.8
gov_debt_gdp,JPN,2005,153.4
gov_debt_gdp,JPN,2006,152.1
gov_debt_gdp,JPN,2007,150.4
gov_debt_gdp,JPN,2008,153.6
gov_debt_gdp,JPN,2009,172.9
gov_debt_gdp,JPN,2010,178.6
gov_debt_gdp,JPN,2011,190.6
gov_debt_gdp,JPN,2012,197.1
gov_debt_gdp,JPN,2013,201.2
gov_debt_gdp,JPN,2014,203.6
gov_debt_gdp,JPN,2015,200.1
gov_debt_gdp,JPN,2016,202.1
gov_debt_gdp,JPN,2017,203.1
gov_debt_gdp,JPN,2018,203.7
gov_debt_gdp,JPN,2019,206.3
gov_debt_gdp,JPN,2020,228.8
gov_debt_gdp,JPN,2021,222.7
gov_debt_gdp,JPN,2022,227.8
gov_debt_gdp,JPN,2023,220.3
gov_debt_gdp,JPN,2024,214.5
gov_debt_gdp,JPN,2025,206.5
credit_hh_gdp,CHN,2006,10.85
credit_hh_gdp,CHN,2007,18.6
credit_hh_gdp,CHN,2008,18.125
credit_hh_gdp,CHN,2009,21.0
credit_hh_gdp,CHN,2010,26.25
credit_hh_gdp,CHN,2011,27.375
credit_hh_gdp,CHN,2012,28.425
credit_hh_gdp,CHN,2013,31.725
credit_hh_gdp,CHN,2014,34.35
credit_hh_gdp,CHN,2015,36.975
credit_hh_gdp,CHN,2016,41.425
credit_hh_gdp,CHN,2017,46.125
credit_hh_gdp,CHN,2018,49.375
credit_hh_gdp,CHN,2019,53.025
credit_hh_gdp,CHN,2020,58.775
credit_hh_gdp,CHN,2021,60.05
credit_hh_gdp,CHN,2022,60.1
credit_hh_gdp,CHN,2023,60.675
credit_hh_gdp,CHN,2024,60.425
credit_hh_gdp,CHN,2025,59.225
credit_hh_gdp,JPN,1964,20.1
credit_hh_gdp,JPN,1965,20.55
credit_hh_gdp,JPN,1966,22.2
credit_hh_gdp,JPN,1967,23.175
credit_hh_gdp,JPN,1968,23.875
credit_hh_gdp,JPN,1969,24.775
credit_hh_gdp,JPN,1970,25.55
credit_hh_gdp,JPN,1971,27.5
credit_hh_gdp,JPN,1972,30.275
credit_hh_gdp,JPN,1973,33.325
credit_hh_gdp,JPN,1974,34.2
credit_hh_gdp,JPN,1975,34.725
credit_hh_gdp,JPN,1976,36.9
credit_hh_gdp,JPN,1977,38.05
credit_hh_gdp,JPN,1978,39.725
credit_hh_gdp,JPN,1979,42.425
credit_hh_gdp,JPN,1980,44.925
credit_hh_gdp,JPN,1981,45.875
credit_hh_gdp,JPN,1982,47.5
credit_hh_gdp,JPN,1983,50.275
credit_hh_gdp,JPN,1984,51.775
credit_hh_gdp,JPN,1985,51.875
credit_hh_gdp,JPN,1986,52.875
credit_hh_gdp,JPN,1987,56.95
credit_hh_gdp,JPN,1988,60.525
credit_hh_gdp,JPN,1989,64.35
credit_hh_gdp,JPN,1990,68.25
credit_hh_gdp,JPN,1991,67.35
credit_hh_gdp,JPN,1992,66.875
credit_hh_gdp,JPN,1993,67.925
credit_hh_gdp,JPN,1994,68.225
credit_hh_gdp,JPN,1995,68.475
credit_hh_gdp,JPN,1996,68.3
credit_hh_gdp,JPN,1997,67.7
credit_hh_gdp,JPN,1998,68.2
credit_hh_gdp,JPN,1999,69.30000000000001
credit_hh_gdp,JPN,2000,69.4
credit_hh_gdp,JPN,2001,67.45
credit_hh_gdp,JPN,2002,66.9
credit_hh_gdp,JPN,2003,65.925
credit_hh_gdp,JPN,2004,64.625
credit_hh_gdp,JPN,2005,61.25
credit_hh_gdp,JPN,2006,60.95
credit_hh_gdp,JPN,2007,59.875
credit_hh_gdp,JPN,2008,59.325
credit_hh_gdp,JPN,2009,61.85
credit_hh_gdp,JPN,2010,61.650000000000006
credit_hh_gdp,JPN,2011,61.025
credit_hh_gdp,JPN,2012,60.7
credit_hh_gdp,JPN,2013,60.875
credit_hh_gdp,JPN,2014,59.95
credit_hh_gdp,JPN,2015,58.775
credit_hh_gdp,JPN,2016,58.275
credit_hh_gdp,JPN,2017,58.849999999999994
credit_hh_gdp,JPN,2018,59.325
credit_hh_gdp,JPN,2019,60.325
credit_hh_gdp,JPN,2020,63.5
credit_hh_gdp,JPN,2021,65.15
credit_hh_gdp,JPN,2022,64.6
credit_hh_gdp,JPN,2023,63.199999999999996
credit_hh_gdp,JPN,2024,62.3
credit_hh_gdp,JPN,2025,61.325
credit_nfc_gdp,CHN,2006,99.4
credit_nfc_gdp,CHN,2007,91.2
credit_nfc_gdp,CHN,2008,88.7
credit_nfc_gdp,CHN,2009,106.375
credit_nfc_gdp,CHN,2010,111.15
credit_nfc_gdp,CHN,2011,110.025
credit_nfc_gdp,CHN,2012,116.475
credit_nfc_gdp,CHN,2013,127.3
credit_nfc_gdp,CHN,2014,134.95
credit_nfc_gdp,CHN,2015,143.9
credit_nfc_gdp,CHN,2016,148.125
credit_nfc_gdp,CHN,2017,139.7
credit_nfc_gdp,CHN,2018,130.6
credit_nfc_gdp,CHN,2019,127.15
credit_nfc_gdp,CHN,2020,133.85
credit_nfc_gdp,CHN,2021,126.3
credit_nfc_gdp,CHN,2022,126.85
credit_nfc_gdp,CHN,2023,132.775
credit_nfc_gdp,CHN,2024,137.95
credit_nfc_gdp,CHN,2025,142.25
credit_nfc_gdp,JPN,1964,90.7
credit_nfc_gdp,JPN,1965,93.225
credit_nfc_gdp,JPN,1966,95.425
credit_nfc_gdp,JPN,1967,94.725
credit_nfc_gdp,JPN,1968,93.25
credit_nfc_gdp,JPN,1969,92.125
credit_nfc_gdp,JPN,1970,91.2
credit_nfc_gdp,JPN,1971,97.625
credit_nfc_gdp,JPN,1972,105.55
credit_nfc_gdp,JPN,1973,106.15
credit_nfc_gdp,JPN,1974,100.4
credit_nfc_gdp,JPN,1975,99.175
credit_nfc_gdp,JPN,1976,100.325
credit_nfc_gdp,JPN,1977,98.425
credit_nfc_gdp,JPN,1978,95.25
credit_nfc_gdp,JPN,1979,93.325
credit_nfc_gdp,JPN,1980,94.375
credit_nfc_gdp,JPN,1981,94.45
credit_nfc_gdp,JPN,1982,98.25
credit_nfc_gdp,JPN,1983,102.4
credit_nfc_gdp,JPN,1984,105.575
credit_nfc_gdp,JPN,1985,108.525
credit_nfc_gdp,JPN,1986,111.35
credit_nfc_gdp,JPN,1987,120.64999999999999
credit_nfc_gdp,JPN,1988,125.2
credit_nfc_gdp,JPN,1989,131.15
credit_nfc_gdp,JPN,1990,137.675
credit_nfc_gdp,JPN,1991,137.9
credit_nfc_gdp,JPN,1992,139.0
credit_nfc_gdp,JPN,1993,142.7
credit_nfc_gdp,JPN,1994,141.675
credit_nfc_gdp,JPN,1995,139.925
credit_nfc_gdp,JPN,1996,136.7
credit_nfc_gdp,JPN,1997,132.975
credit_nfc_gdp,JPN,1998,131.05
credit_nfc_gdp,JPN,1999,123.325
credit_nfc_gdp,JPN,2000,118.0
credit_nfc_gdp,JPN,2001,112.925
credit_nfc_gdp,JPN,2002,110.475
credit_nfc_gdp,JPN,2003,104.925
credit_nfc_gdp,JPN,2004,98.9
credit_nfc_gdp,JPN,2005,101.025
credit_nfc_gdp,JPN,2006,100.325
credit_nfc_gdp,JPN,2007,98.925
credit_nfc_gdp,JPN,2008,100.95
credit_nfc_gdp,JPN,2009,106.4
credit_nfc_gdp,JPN,2010,103.225
credit_nfc_gdp,JPN,2011,100.55
credit_nfc_gdp,JPN,2012,98.775
credit_nfc_gdp,JPN,2013,98.075
credit_nfc_gdp,JPN,2014,95.925
credit_nfc_gdp,JPN,2015,93.25
credit_nfc_gdp,JPN,2016,93.075
credit_nfc_gdp,JPN,2017,94.625
credit_nfc_gdp,JPN,2018,95.15
credit_nfc_gdp,JPN,2019,98.725
credit_nfc_gdp,JPN,2020,110.05
credit_nfc_gdp,JPN,2021,113.25
credit_nfc_gdp,JPN,2022,113.775
credit_nfc_gdp,JPN,2023,112.75
credit_nfc_gdp,JPN,2024,112.125
credit_nfc_gdp,JPN,2025,111.675
real_property_prices,CHN,2005,89.073
real_property_prices,CHN,2006,91.039925
real_property_prices,CHN,2007,92.740775
real_property_prices,CHN,2008,92.873275
real_property_prices,CHN,2009,94.7137
real_property_prices,CHN,2010,99.999825
real_property_prices,CHN,2011,98.6481
real_property_prices,CHN,2012,95.491325
real_property_prices,CHN,2013,98.61685
real_property_prices,CHN,2014,99.129175
real_property_prices,CHN,2015,93.92150000000001
real_property_prices,CHN,2016,98.028975
real_property_prices,CHN,2017,103.30095
real_property_prices,CHN,2018,106.720475
real_property_prices,CHN,2019,109.777075
real_property_prices,CHN,2020,109.65469999999999
real_property_prices,CHN,2021,111.815575
real_property_prices,CHN,2022,107.163325
real_property_prices,CHN,2023,103.44995
real_property_prices,CHN,2024,95.558475
real_property_prices,CHN,2025,89.482875
real_property_prices,JPN,1955,13.344899999999999
real_property_prices,JPN,1956,15.765375
real_property_prices,JPN,1957,19.192825
real_property_prices,JPN,1958,23.88995
real_property_prices,JPN,1959,29.21295
real_property_prices,JPN,1960,35.744225
real_property_prices,JPN,1961,46.2438
real_property_prices,JPN,1962,52.320975
real_property_prices,JPN,1963,55.61445
real_property_prices,JPN,1964,61.187825000000004
real_property_prices,JPN,1965,63.757774999999995
real_property_prices,JPN,1966,65.2453
real_property_prices,JPN,1967,70.7555
real_property_prices,JPN,1968,78.89425
real_property_prices,JPN,1969,90.929575
real_property_prices,JPN,1970,102.1553
real_property_prices,JPN,1971,111.704325
real_property_prices,JPN,1972,124.82315
real_property_prices,JPN,1973,148.75905
real_property_prices,JPN,1974,137.552525
real_property_prices,JPN,1975,117.91305
real_property_prices,JPN,1976,110.317125
real_property_prices,JPN,1977,106.307975
real_property_prices,JPN,1978,107.7812
real_property_prices,JPN,1979,113.719375
real_property_prices,JPN,1980,119.369325
real_property_prices,JPN,1981,126.13159999999999
real_property_prices,JPN,1982,132.36475000000002
real_property_prices,JPN,1983,136.25459999999998
real_property_prices,JPN,1984,137.572825
real_property_prices,JPN,1985,138.208425
real_property_prices,JPN,1986,140.98555
real_property_prices,JPN,1987,151.28222499999998
real_property_prices,JPN,1988,159.0443
real_property_prices,JPN,1989,167.53345000000002
real_property_prices,JPN,1990,184.63995
real_property_prices,JPN,1991,186.4596
real_property_prices,JPN,1992,176.205875
real_property_prices,JPN,1993,166.461625
real_property_prices,JPN,1994,161.440475
real_property_prices,JPN,1995,159.106375
real_property_prices,JPN,1996,156.004925
real_property_prices,JPN,1997,151.403875
real_property_prices,JPN,1998,147.889925
real_property_prices,JPN,1999,143.78265
real_property_prices,JPN,2000,139.27235000000002
real_property_prices,JPN,2001,134.0876
real_property_prices,JPN,2002,128.153275
real_property_prices,JPN,2003,120.49345
real_property_prices,JPN,2004,113.1305
real_property_prices,JPN,2005,107.959475
real_property_prices,JPN,2006,104.47595
real_property_prices,JPN,2007,103.344225
real_property_prices,JPN,2008,100.343725
real_property_prices,JPN,2009,97.85315
real_property_prices,JPN,2010,100.001075
real_property_prices,JPN,2011,100.33987499999999
real_property_prices,JPN,2012,99.50675
real_property_prices,JPN,2013,100.78920000000001
real_property_prices,JPN,2014,99.62225000000001
real_property_prices,JPN,2015,101.221
real_property_prices,JPN,2016,103.59752499999999
real_property_prices,JPN,2017,105.7225
real_property_prices,JPN,2018,106.708975
real_property_prices,JPN,2019,107.92722499999999
real_property_prices,JPN,2020,108.03085
real_property_prices,JPN,2021,114.713425
real_property_prices,JPN,2022,121.33144999999999
real_property_prices,JPN,2023,121.06045
real_property_prices,JPN,2024,121.15757500000001
real_property_prices,JPN,2025,122.618525
youth_unemployment,CHN,1991,4.366
youth_unemployment,CHN,1992,4.432
youth_unemployment,CHN,1993,5.117
youth_unemployment,CHN,1994,5.621
youth_unemployment,CHN,1995,5.92
youth_unemployment,CHN,1996,6.259
youth_unemployment,CHN,1997,6.567
youth_unemployment,CHN,1998,6.67
youth_unemployment,CHN,1999,6.767
youth_unemployment,CHN,2000,6.84
youth_unemployment,CHN,2001,7.994
youth_unemployment,CHN,2002,8.919
youth_unemployment,CHN,2003,9.624
youth_unemployment,CHN,2004,9.433
youth_unemployment,CHN,2005,9.495
youth_unemployment,CHN,2006,9.331
youth_unemployment,CHN,2007,9.224
youth_unemployment,CHN,2008,9.803
youth_unemployment,CHN,2009,10.15
youth_unemployment,CHN,2010,9.823
youth_unemployment,CHN,2011,9.976
youth_unemployment,CHN,2012,10.154
youth_unemployment,CHN,2013,10.316
youth_unemployment,CHN,2014,10.507
youth_unemployment,CHN,2015,10.68
youth_unemployment,CHN,2016,10.574
youth_unemployment,CHN,2017,10.431
youth_unemployment,CHN,2018,9.674
youth_unemployment,CHN,2019,10.681
youth_unemployment,CHN,2020,12.65
youth_unemployment,CHN,2021,12.404
youth_unemployment,CHN,2022,14.673
youth_unemployment,CHN,2023,15.562
youth_unemployment,CHN,2024,15.044
youth_unemployment,CHN,2025,15.795
youth_unemployment,JPN,1991,4.462
youth_unemployment,JPN,1992,4.354
youth_unemployment,JPN,1993,5.105
youth_unemployment,JPN,1994,5.452
youth_unemployment,JPN,1995,6.098
youth_unemployment,JPN,1996,6.734
youth_unemployment,JPN,1997,6.65
youth_unemployment,JPN,1998,7.732
youth_unemployment,JPN,1999,9.3
youth_unemployment,JPN,2000,9.212
youth_unemployment,JPN,2001,9.603
youth_unemployment,JPN,2002,10.062
youth_unemployment,JPN,2003,10.199
youth_unemployment,JPN,2004,9.573
youth_unemployment,JPN,2005,8.705
youth_unemployment,JPN,2006,8.301
youth_unemployment,JPN,2007,7.871
youth_unemployment,JPN,2008,7.314
youth_unemployment,JPN,2009,9.205
youth_unemployment,JPN,2010,9.46
youth_unemployment,JPN,2011,8.325
youth_unemployment,JPN,2012,8.236
youth_unemployment,JPN,2013,6.809
youth_unemployment,JPN,2014,6.299
youth_unemployment,JPN,2015,5.471
youth_unemployment,JPN,2016,5.12
youth_unemployment,JPN,2017,4.611
youth_unemployment,JPN,2018,3.668
youth_unemployment,JPN,2019,3.938
youth_unemployment,JPN,2020,4.679
youth_unemployment,JPN,2021,4.707
youth_unemployment,JPN,2022,4.434
youth_unemployment,JPN,2023,4.116
youth_unemployment,JPN,2024,3.93
youth_unemployment,JPN,2025,3.898
grad_labor,CHN,2015,1.97
grad_labor,CHN,2018,1.91
grad_labor,CHN,2020,1.62
grad_labor,CHN,2021,1.61
grad_labor,CHN,2022,1.38
grad_labor,CHN,2023,1.5
grad_labor,JPN,1990,1.4
grad_labor,JPN,1991,1.34
grad_labor,JPN,1992,1.08
grad_labor,JPN,1993,0.76
grad_labor,JPN,1995,0.63
grad_labor,JPN,2000,0.59
capital_formation_gdp,CHN,1960,39.4986681327632
capital_formation_gdp,CHN,1961,22.7572483035064
capital_formation_gdp,CHN,1962,15.7035408173779
capital_formation_gdp,CHN,1963,21.7166309297306
capital_formation_gdp,CHN,1964,24.3011524546751
capital_formation_gdp,CHN,1965,27.0515096880037
capital_formation_gdp,CHN,1966,30.4013318657505
capital_formation_gdp,CHN,1967,23.8201111605653
capital_formation_gdp,CHN,1968,24.888290626073
capital_formation_gdp,CHN,1969,24.9642038256092
capital_formation_gdp,CHN,1970,32.8162153192607
capital_formation_gdp,CHN,1971,33.5845171488947
capital_formation_gdp,CHN,1972,31.1982006102093
capital_formation_gdp,CHN,1973,32.9034962037238
capital_formation_gdp,CHN,1974,33.1534340901066
capital_formation_gdp,CHN,1975,34.9804771441711
capital_formation_gdp,CHN,1976,33.1642759720738
capital_formation_gdp,CHN,1977,33.8227621398292
capital_formation_gdp,CHN,1978,37.5415882273122
capital_formation_gdp,CHN,1979,36.2372832294507
capital_formation_gdp,CHN,1980,34.544058348021
capital_formation_gdp,CHN,1981,32.8896636883936
capital_formation_gdp,CHN,1982,31.9192153428932
capital_formation_gdp,CHN,1983,31.8645996336511
capital_formation_gdp,CHN,1984,34.3128885510943
capital_formation_gdp,CHN,1985,38.9914630864753
capital_formation_gdp,CHN,1986,37.6578802293366
capital_formation_gdp,CHN,1987,37.2550720459819
capital_formation_gdp,CHN,1988,39.0114582938763
capital_formation_gdp,CHN,1989,37.1432672399768
capital_formation_gdp,CHN,1990,34.0914985430681
capital_formation_gdp,CHN,1991,35.5377442696039
capital_formation_gdp,CHN,1992,39.3081668840399
capital_formation_gdp,CHN,1993,43.4763551900211
capital_formation_gdp,CHN,1994,40.2783746945492
capital_formation_gdp,CHN,1995,39.092189056179
capital_formation_gdp,CHN,1996,37.7768637845413
capital_formation_gdp,CHN,1997,35.7413524462449
capital_formation_gdp,CHN,1998,34.9859486932226
capital_formation_gdp,CHN,1999,34.2336141056633
capital_formation_gdp,CHN,2000,33.6326827140045
capital_formation_gdp,CHN,2001,35.523858010134
capital_formation_gdp,CHN,2002,36.0687816828708
capital_formation_gdp,CHN,2003,39.4280130265115
capital_formation_gdp,CHN,2004,41.6343741627493
capital_formation_gdp,CHN,2005,40.178086700104
capital_formation_gdp,CHN,2006,39.6897003482818
capital_formation_gdp,CHN,2007,40.2220879226288
capital_formation_gdp,CHN,2008,41.9607249432501
capital_formation_gdp,CHN,2009,44.9282638913962
capital_formation_gdp,CHN,2010,46.1023443345586
capital_formation_gdp,CHN,2011,46.2703012824496
capital_formation_gdp,CHN,2012,45.8169211701107
capital_formation_gdp,CHN,2013,45.9224093546636
capital_formation_gdp,CHN,2014,45.3115352657107
capital_formation_gdp,CHN,2015,42.7349872564364
capital_formation_gdp,CHN,2016,42.1386166189127
capital_formation_gdp,CHN,2017,42.5497375507577
capital_formation_gdp,CHN,2018,43.313827489682
capital_formation_gdp,CHN,2019,42.6695374085222
capital_formation_gdp,CHN,2020,42.5723735094229
capital_formation_gdp,CHN,2021,42.6822612949312
capital_formation_gdp,CHN,2022,42.3554333470499
capital_formation_gdp,CHN,2023,41.1297102455381
capital_formation_gdp,CHN,2024,40.4815134449629
capital_formation_gdp,JPN,1970,44.3386589688295
capital_formation_gdp,JPN,1971,40.6285187776809
capital_formation_gdp,JPN,1972,40.3703721669739
capital_formation_gdp,JPN,1973,43.2590590981835
capital_formation_gdp,JPN,1974,42.4034245905584
capital_formation_gdp,JPN,1975,37.2443042801038
capital_formation_gdp,JPN,1976,36.1837461645984
capital_formation_gdp,JPN,1977,35.0572570890522
capital_formation_gdp,JPN,1978,35.122559319106
capital_formation_gdp,JPN,1979,36.9239155107398
capital_formation_gdp,JPN,1980,36.6385197813648
capital_formation_gdp,JPN,1981,35.4996639504283
capital_formation_gdp,JPN,1982,33.9826441997754
capital_formation_gdp,JPN,1983,31.5546192410627
capital_formation_gdp,JPN,1984,31.5269052769932
capital_formation_gdp,JPN,1985,32.3996837154277
capital_formation_gdp,JPN,1986,32.0390809396143
capital_formation_gdp,JPN,1987,32.4960982360115
capital_formation_gdp,JPN,1988,35.0346227394282
capital_formation_gdp,JPN,1989,36.579900065329
capital_formation_gdp,JPN,1990,37.5337823369797
capital_formation_gdp,JPN,1991,37.0380221923801
capital_formation_gdp,JPN,1992,35.0490173492627
capital_formation_gdp,JPN,1993,33.7182431303004
capital_formation_gdp,JPN,1994,32.2754526715958
capital_formation_gdp,JPN,1995,32.3064823346841
capital_formation_gdp,JPN,1996,33.5297409744175
capital_formation_gdp,JPN,1997,32.6522192813797
capital_formation_gdp,JPN,1998,30.708682431935
capital_formation_gdp,JPN,1999,29.2508562421282
capital_formation_gdp,JPN,2000,29.6518295721637
capital_formation_gdp,JPN,2001,29.0072549095213
capital_formation_gdp,JPN,2002,27.1990800742612
capital_formation_gdp,JPN,2003,26.7915010567475
capital_formation_gdp,JPN,2004,26.6630018549135
capital_formation_gdp,JPN,2005,27.0047258465622
capital_formation_gdp,JPN,2006,27.0851292904104
capital_formation_gdp,JPN,2007,26.8035156474517
capital_formation_gdp,JPN,2008,26.957915866231
capital_formation_gdp,JPN,2009,23.6595838247106
capital_formation_gdp,JPN,2010,23.5722339532159
capital_formation_gdp,JPN,2011,24.451572608163
capital_formation_gdp,JPN,2012,24.9867673070268
capital_formation_gdp,JPN,2013,25.3731148940256
capital_formation_gdp,JPN,2014,26.3479533735846
capital_formation_gdp,JPN,2015,26.5521482720668
capital_formation_gdp,JPN,2016,26.2400385919687
capital_formation_gdp,JPN,2017,26.6345672327421
capital_formation_gdp,JPN,2018,27.1363524954164
capital_formation_gdp,JPN,2019,27.3243645927693
capital_formation_gdp,JPN,2020,26.8864795052794
capital_formation_gdp,JPN,2021,27.3251613407145
capital_formation_gdp,JPN,2022,28.3107762241995
capital_formation_gdp,JPN,2023,27.7841122147677
capital_formation_gdp,JPN,2024,27.6791711471936
hh_consumption_gdp,CHN,1960,50.3427679359261
hh_consumption_gdp,CHN,1961,66.1349097092882
hh_consumption_gdp,CHN,1962,72.0099596462608
hh_consumption_gdp,CHN,1963,67.4874090654729
hh_consumption_gdp,CHN,1964,60.4060569022883
hh_consumption_gdp,CHN,1965,54.7720469721391
hh_consumption_gdp,CHN,1966,53.9693446088795
hh_consumption_gdp,CHN,1967,60.17024591076
hh_consumption_gdp,CHN,1968,61.611537140895
hh_consumption_gdp,CHN,1969,57.3688762272982
hh_consumption_gdp,CHN,1970,52.8510116492949
hh_consumption_gdp,CHN,1971,51.2841352405722
hh_consumption_gdp,CHN,1972,52.1885390181889
hh_consumption_gdp,CHN,1973,51.8908932840687
hh_consumption_gdp,CHN,1974,51.7971894640209
hh_consumption_gdp,CHN,1975,50.2085865387774
hh_consumption_gdp,CHN,1976,53.0632014965259
hh_consumption_gdp,CHN,1977,50.6174356453892
hh_consumption_gdp,CHN,1978,47.7393617021277
hh_consumption_gdp,CHN,1979,49.0349684553954
hh_consumption_gdp,CHN,1980,50.8493369932763
hh_consumption_gdp,CHN,1981,53.1383303112423
hh_consumption_gdp,CHN,1982,53.2565427260569
hh_consumption_gdp,CHN,1983,53.3930763580605
hh_consumption_gdp,CHN,1984,50.5944155284954
hh_consumption_gdp,CHN,1985,50.7623263199465
hh_consumption_gdp,CHN,1986,50.9227298176081
hh_consumption_gdp,CHN,1987,49.5863438591025
hh_consumption_gdp,CHN,1988,49.5327188315446
hh_consumption_gdp,CHN,1989,51.0050561255084
hh_consumption_gdp,CHN,1990,49.8954930966282
hh_consumption_gdp,CHN,1991,47.8249640929912
hh_consumption_gdp,CHN,1992,45.2010580459854
hh_consumption_gdp,CHN,1993,43.9534669469594
hh_consumption_gdp,CHN,1994,44.0690349595393
hh_consumption_gdp,CHN,1995,45.763624625706
hh_consumption_gdp,CHN,1996,46.8863297078268
hh_consumption_gdp,CHN,1997,45.9414147709567
hh_consumption_gdp,CHN,1998,45.5340370050743
hh_consumption_gdp,CHN,1999,46.2320076078832
hh_consumption_gdp,CHN,2000,46.7513123268903
hh_consumption_gdp,CHN,2001,45.5685898287494
hh_consumption_gdp,CHN,2002,44.9841418387033
hh_consumption_gdp,CHN,2003,42.8053205220649
hh_consumption_gdp,CHN,2004,40.7469493630806
hh_consumption_gdp,CHN,2005,39.8129615733976
hh_consumption_gdp,CHN,2006,38.0007673700593
hh_consumption_gdp,CHN,2007,36.6182835563683
hh_consumption_gdp,CHN,2008,35.5421749900869
hh_consumption_gdp,CHN,2009,35.578875871033
hh_consumption_gdp,CHN,2010,34.6030669287517
hh_consumption_gdp,CHN,2011,35.249530166574
hh_consumption_gdp,CHN,2012,35.7107241394048
hh_consumption_gdp,CHN,2013,36.1289393837992
hh_consumption_gdp,CHN,2014,36.9862190673163
hh_consumption_gdp,CHN,2015,38.0605584392569
hh_consumption_gdp,CHN,2016,39.1623543569108
hh_consumption_gdp,CHN,2017,38.9547629530877
hh_consumption_gdp,CHN,2018,38.9434900328533
hh_consumption_gdp,CHN,2019,39.3519993191979
hh_consumption_gdp,CHN,2020,38.1684961438545
hh_consumption_gdp,CHN,2021,38.3739712034949
hh_consumption_gdp,CHN,2022,37.7771550661597
hh_consumption_gdp,CHN,2023,39.568245214664
hh_consumption_gdp,CHN,2024,39.9704554568611
hh_consumption_gdp,JPN,1970,44.5708291922508
hh_consumption_gdp,JPN,1971,45.6783186247079
hh_consumption_gdp,JPN,1972,46.0517522418084
hh_consumption_gdp,JPN,1973,45.7053920795663
hh_consumption_gdp,JPN,1974,46.3073212032054
hh_consumption_gdp,JPN,1975,48.7175058046956
hh_consumption_gdp,JPN,1976,49.0209949065354
hh_consumption_gdp,JPN,1977,49.1832554892503
hh_consumption_gdp,JPN,1978,49.1866083036958
hh_consumption_gdp,JPN,1979,50.0620985029973
hh_consumption_gdp,JPN,1980,50.1770484029069
hh_consumption_gdp,JPN,1981,49.7893324147454
hh_consumption_gdp,JPN,1982,50.8676251096833
hh_consumption_gdp,JPN,1983,51.2469250903408
hh_consumption_gdp,JPN,1984,50.7227865217684
hh_consumption_gdp,JPN,1985,50.4075075580969
hh_consumption_gdp,JPN,1986,50.0834623848435
hh_consumption_gdp,JPN,1987,50.1302294616112
hh_consumption_gdp,JPN,1988,49.34217098355
hh_consumption_gdp,JPN,1989,49.2604516006155
hh_consumption_gdp,JPN,1990,49.2503791462438
hh_consumption_gdp,JPN,1991,48.7531222863453
hh_consumption_gdp,JPN,1992,49.4817009040939
hh_consumption_gdp,JPN,1993,50.5329412182713
hh_consumption_gdp,JPN,1994,51.4610913957749
hh_consumption_gdp,JPN,1995,51.6636403807088
hh_consumption_gdp,JPN,1996,51.241981597791
hh_consumption_gdp,JPN,1997,51.4000423741202
hh_consumption_gdp,JPN,1998,52.1325629849955
hh_consumption_gdp,JPN,1999,53.2859608119795
hh_consumption_gdp,JPN,2000,52.7047369610456
hh_consumption_gdp,JPN,2001,53.4202219480292
hh_consumption_gdp,JPN,2002,54.0328457967343
hh_consumption_gdp,JPN,2003,54.0183564379367
hh_consumption_gdp,JPN,2004,53.9460726504351
hh_consumption_gdp,JPN,2005,54.0914226889762
hh_consumption_gdp,JPN,2006,54.2965336332659
hh_consumption_gdp,JPN,2007,54.1242640309043
hh_consumption_gdp,JPN,2008,55.0243608670691
hh_consumption_gdp,JPN,2009,56.8520172852664
hh_consumption_gdp,JPN,2010,56.1495324025032
hh_consumption_gdp,JPN,2011,56.5152192392575
hh_consumption_gdp,JPN,2012,56.9101963662382
hh_consumption_gdp,JPN,2013,57.3797505525667
hh_consumption_gdp,JPN,2014,56.6310801877112
hh_consumption_gdp,JPN,2015,54.8305444655323
hh_consumption_gdp,JPN,2016,53.7762068713705
hh_consumption_gdp,JPN,2017,53.6347034872301
hh_consumption_gdp,JPN,2018,53.7399840289131
hh_consumption_gdp,JPN,2019,53.5131803063105
hh_consumption_gdp,JPN,2020,52.9377462665664
hh_consumption_gdp,JPN,2021,52.643763049873
hh_consumption_gdp,JPN,2022,54.5437635044314
hh_consumption_gdp,JPN,2023,53.5977293424216
hh_consumption_gdp,JPN,2024,53.069552493906
industry_va_gdp,CHN,1960,44.2951197990905
industry_va_gdp,CHN,1961,31.8649283342781
industry_va_gdp,CHN,1962,31.2440971924101
industry_va_gdp,CHN,1963,33.0002398273243
industry_va_gdp,CHN,1964,35.2617641067427
industry_va_gdp,CHN,1965,35.0276306700437
industry_va_gdp,CHN,1966,37.8118393234672
industry_va_gdp,CHN,1967,33.8266384778013
industry_va_gdp,CHN,1968,31.05184846057
industry_va_gdp,CHN,1969,35.3563616014651
industry_va_gdp,CHN,1970,40.2075851799947
industry_va_gdp,CHN,1971,41.8522431729519
industry_va_gdp,CHN,1972,42.6990025425386
industry_va_gdp,CHN,1973,42.7551981453307
industry_va_gdp,CHN,1974,42.3628274839348
industry_va_gdp,CHN,1975,45.2879151200604
industry_va_gdp,CHN,1976,44.9625868519508
industry_va_gdp,CHN,1977,46.6240707747128
industry_va_gdp,CHN,1978,47.6311717596613
industry_va_gdp,CHN,1979,46.8769989847098
industry_va_gdp,CHN,1980,47.9727856278695
industry_va_gdp,CHN,1981,45.8879142657795
industry_va_gdp,CHN,1982,44.5356524686084
industry_va_gdp,CHN,1983,44.1437523298798
industry_va_gdp,CHN,1984,42.8491719516209
industry_va_gdp,CHN,1985,42.6328942507048
industry_va_gdp,CHN,1986,43.4347042423426
industry_va_gdp,CHN,1987,43.241959925714
industry_va_gdp,CHN,1988,43.4500850326178
industry_va_gdp,CHN,1989,42.4213011853574
industry_va_gdp,CHN,1990,40.9532139003469
industry_va_gdp,CHN,1991,41.3647026718439
industry_va_gdp,CHN,1992,42.9556871107431
industry_va_gdp,CHN,1993,45.9877158881844
industry_va_gdp,CHN,1994,45.9507266148475
industry_va_gdp,CHN,1995,46.5158329099716
industry_va_gdp,CHN,1996,46.8452924072089
industry_va_gdp,CHN,1997,46.7996577986912
industry_va_gdp,CHN,1998,45.4411323152105
industry_va_gdp,CHN,1999,44.9555391671381
industry_va_gdp,CHN,2000,45.0738315177586
industry_va_gdp,CHN,2001,44.276543602601
industry_va_gdp,CHN,2002,43.8758028122184
industry_va_gdp,CHN,2003,44.9827621327146
industry_va_gdp,CHN,2004,45.2328326582556
industry_va_gdp,CHN,2005,46.3816216984585
industry_va_gdp,CHN,2006,46.8865028592172
industry_va_gdp,CHN,2007,46.1852362301075
industry_va_gdp,CHN,2008,46.2364191302482
industry_va_gdp,CHN,2009,45.1788587231356
industry_va_gdp,CHN,2010,45.7066207106778
industry_va_gdp,CHN,2011,45.8002054108107
industry_va_gdp,CHN,2012,44.6820698165478
industry_va_gdp,CHN,2013,43.3938707801605
industry_va_gdp,CHN,2014,42.2827157791092
industry_va_gdp,CHN,2015,40.0475902161032
industry_va_gdp,CHN,2016,38.811156093921
industry_va_gdp,CHN,2017,39.129944350895
industry_va_gdp,CHN,2018,38.9777001747097
industry_va_gdp,CHN,2019,37.7642333162735
industry_va_gdp,CHN,2020,36.9115624066306
industry_va_gdp,CHN,2021,38.0924722040717
industry_va_gdp,CHN,2022,37.8945266620066
industry_va_gdp,CHN,2023,36.7725030223561
industry_va_gdp,CHN,2024,36.3710179811644
industry_va_gdp,CHN,2025,35.6416587106792
industry_va_gdp,JPN,1994,34.7566521768051
industry_va_gdp,JPN,1995,34.5905050529424
industry_va_gdp,JPN,1996,34.7061363947173
industry_va_gdp,JPN,1997,34.219827117921
industry_va_gdp,JPN,1998,33.4072084873294
industry_va_gdp,JPN,1999,32.589924380335
industry_va_gdp,JPN,2000,32.4849446479797
industry_va_gdp,JPN,2001,31.338109630403
industry_va_gdp,JPN,2002,30.3935755463843
industry_va_gdp,JPN,2003,30.0319230918663
industry_va_gdp,JPN,2004,29.8608524970629
industry_va_gdp,JPN,2005,29.4199207570287
industry_va_gdp,JPN,2006,29.4082313723024
industry_va_gdp,JPN,2007,29.5986878481065
industry_va_gdp,JPN,2008,29.0459232249266
industry_va_gdp,JPN,2009,27.5050329250321
industry_va_gdp,JPN,2010,28.8406153923357
industry_va_gdp,JPN,2011,27.2220248951395
industry_va_gdp,JPN,2012,27.15018151792
industry_va_gdp,JPN,2013,27.1266358606582
industry_va_gdp,JPN,2014,28.0999841731293
industry_va_gdp,JPN,2015,29.3111606151366
industry_va_gdp,JPN,2016,29.3147155622977
industry_va_gdp,JPN,2017,29.4414450761698
industry_va_gdp,JPN,2018,29.4467134085972
industry_va_gdp,JPN,2019,29.1175822523162
industry_va_gdp,JPN,2020,28.9859809440754
industry_va_gdp,JPN,2021,28.4504840570129
industry_va_gdp,JPN,2022,27.0576060274173
industry_va_gdp,JPN,2023,27.6517978744645
industry_va_gdp,JPN,2024,26.7781043350478
services_va_gdp,CHN,1960,32.5799226226838
services_va_gdp,CHN,1961,32.4155802089238
services_va_gdp,CHN,1962,29.8445951747231
services_va_gdp,CHN,1963,27.2283955552003
services_va_gdp,CHN,1964,26.7807428532627
services_va_gdp,CHN,1965,27.4925166935298
services_va_gdp,CHN,1966,25.0739957716702
services_va_gdp,CHN,1967,26.4326249026371
services_va_gdp,CHN,1968,27.3835412613025
services_va_gdp,CHN,1969,27.1913313323498
services_va_gdp,CHN,1970,25.0503634930367
services_va_gdp,CHN,1971,24.5692457737321
services_va_gdp,CHN,1972,24.9364365343243
services_va_gdp,CHN,1973,24.3715134391074
services_va_gdp,CHN,1974,24.2638231763294
services_va_gdp,CHN,1975,22.8131261702198
services_va_gdp,CHN,1976,22.7351683591662
services_va_gdp,CHN,1977,24.4363211894084
services_va_gdp,CHN,1978,24.7286148501954
services_va_gdp,CHN,1979,22.470296065446
services_va_gdp,CHN,1980,22.4470700872555
services_va_gdp,CHN,1981,22.8527514308249
services_va_gdp,CHN,1982,22.7394308641058
services_va_gdp,CHN,1983,23.3501864898467
services_va_gdp,CHN,1984,25.6719324227963
services_va_gdp,CHN,1985,29.4847464320583
services_va_gdp,CHN,1986,29.9753732491919
services_va_gdp,CHN,1987,30.4835152220792
services_va_gdp,CHN,1988,31.355876473064
services_va_gdp,CHN,1989,33.0104590354445
services_va_gdp,CHN,1990,32.5141726953505
services_va_gdp,CHN,1991,34.6723513766996
services_va_gdp,CHN,1992,35.7944137516669
services_va_gdp,CHN,1993,34.7839317470554
services_va_gdp,CHN,1994,34.6646282811662
services_va_gdp,CHN,1995,33.9860566363987
services_va_gdp,CHN,1996,33.9354609988007
services_va_gdp,CHN,1997,35.4188843876597
services_va_gdp,CHN,1998,37.5334686637807
services_va_gdp,CHN,1999,39.1228171930281
services_va_gdp,CHN,2000,40.398939477991
services_va_gdp,CHN,2001,41.9013296504106
services_va_gdp,CHN,2002,42.9947150275034
services_va_gdp,CHN,2003,42.8414813603076
services_va_gdp,CHN,2004,42.0383247680055
services_va_gdp,CHN,2005,42.1355659992365
services_va_gdp,CHN,2006,42.6376503739806
services_va_gdp,CHN,2007,43.7213258311976
services_va_gdp,CHN,2008,43.7535960098397
services_va_gdp,CHN,2009,45.3481536809041
services_va_gdp,CHN,2010,45.126871988843
services_va_gdp,CHN,2011,45.1659405665759
services_va_gdp,CHN,2012,46.3528742639869
services_va_gdp,CHN,2013,47.8217057140074
services_va_gdp,CHN,2014,49.2348611102851
services_va_gdp,CHN,2015,51.72839163487
services_va_gdp,CHN,2016,53.2881936644189
services_va_gdp,CHN,2017,53.541663396795
services_va_gdp,CHN,2018,54.1051640361573
services_va_gdp,CHN,2019,55.2295599322538
services_va_gdp,CHN,2020,55.5482556415912
services_va_gdp,CHN,2021,54.8181795722183
services_va_gdp,CHN,2022,54.9575804271762
services_va_gdp,CHN,2023,56.3379775668432
services_va_gdp,CHN,2024,56.831400416389
services_va_gdp,CHN,2025,57.6996434500205
services_va_gdp,JPN,1994,63.2891046553688
services_va_gdp,JPN,1995,63.6501080565061
services_va_gdp,JPN,1996,63.5402915156842
services_va_gdp,JPN,1997,64.3065172046508
services_va_gdp,JPN,1998,65.1135644132935
services_va_gdp,JPN,1999,65.9021009082261
services_va_gdp,JPN,2000,66.0849901397658
services_va_gdp,JPN,2001,67.3311068334366
services_va_gdp,JPN,2002,68.2281887665978
services_va_gdp,JPN,2003,68.6042068471505
services_va_gdp,JPN,2004,68.844243193616
services_va_gdp,JPN,2005,69.2252968634045
services_va_gdp,JPN,2006,69.1493730645287
services_va_gdp,JPN,2007,69.0708889987001
services_va_gdp,JPN,2008,69.5066554121323
services_va_gdp,JPN,2009,71.099165194287
services_va_gdp,JPN,2010,69.701371938191
services_va_gdp,JPN,2011,71.1728811394774
services_va_gdp,JPN,2012,71.1826871458956
services_va_gdp,JPN,2013,71.1702169629463
services_va_gdp,JPN,2014,70.1855454477301
services_va_gdp,JPN,2015,69.215676593242
services_va_gdp,JPN,2016,69.3208957452067
services_va_gdp,JPN,2017,69.1059936048868
services_va_gdp,JPN,2018,69.1196838814134
services_va_gdp,JPN,2019,69.5171709470165
services_va_gdp,JPN,2020,69.7820184437325
services_va_gdp,JPN,2021,70.064497929455
services_va_gdp,JPN,2022,71.1191098111371
services_va_gdp,JPN,2023,70.7921491218815
services_va_gdp,JPN,2024,71.4295377357598
